ts,open,high,low,close,volume
1779336000000,206.0,210.0,197.1,203.09,23811.16
1779339600000,203.1,212.74,203.0,212.58,38640.62
1779343200000,212.58,224.47,212.5,217.93,54168.97
1779346800000,217.85,220.5,210.0,213.62,46935.55
1779350400000,213.62,215.48,205.0,211.91,37079.93
1779354000000,211.91,215.07,210.57,211.82,14973.98
1779357600000,211.81,212.5,206.94,208.92,20011.42
1779361200000,208.94,213.6,208.02,212.0,16571.15
1779364800000,212.01,213.48,210.17,211.05,12662.28
1779368400000,211.02,213.2,207.92,209.23,24230.43
1779372000000,209.27,211.9,208.03,211.44,11213.76
1779375600000,211.47,211.48,208.2,209.28,10048.31
1779379200000,209.21,210.16,207.3,208.55,11053.65
1779382800000,208.55,210.6,208.41,210.6,5700.11
1779386400000,210.59,211.1,208.65,208.98,6883.65
1779390000000,208.96,209.88,203.0,207.01,17159.65
1779393600000,207.01,210.1,204.05,204.88,7684.87
1779397200000,204.83,205.82,204.72,205.74,2636.55
1779400800000,205.71,209.22,205.05,207.65,6315.09
1779404400000,207.59,209.84,204.0,207.76,14434.51
1779408000000,207.76,210.0,206.78,208.36,9421.86
1779411600000,208.36,209.02,206.0,208.02,8507.58
1779415200000,208.02,209.49,207.0,209.26,7660.13
1779418800000,209.28,210.0,207.0,209.1,8713.86
1779422400000,209.11,212.46,208.25,210.12,13011.71
1779426000000,210.11,212.7,209.85,210.23,17945.92
1779429600000,210.25,210.34,207.0,209.59,26294.33
1779433200000,209.6,209.73,208.0,208.53,12984.87
1779436800000,208.53,210.3,208.3,208.39,12107.84
1779440400000,208.36,209.2,206.87,207.23,12557.38
1779444000000,207.21,208.2,205.56,205.89,13758.04
1779447600000,205.9,208.0,205.56,207.99,8252.5
1779451200000,207.99,208.3,206.76,207.93,6542.42
1779454800000,207.95,208.07,204.4,205.14,18959.32
1779458400000,205.16,205.48,202.02,203.62,28061.73
1779462000000,203.54,203.76,200.0,201.21,28259.23
1779465600000,201.21,203.79,199.07,202.38,22549.23
1779469200000,202.38,202.79,190.0,197.88,50060.25
1779472800000,197.88,198.22,194.61,195.93,14610.6
1779476400000,195.98,197.34,193.0,196.97,14813.57
1779480000000,196.97,199.6,196.6,198.68,8745.44
1779483600000,198.76,200.29,197.8,199.87,5461.33
1779487200000,199.81,200.69,197.53,199.21,10378.64
1779490800000,199.21,199.84,195.01,196.01,10319.5
1779494400000,196.02,196.94,194.6,196.56,9096.51
1779498000000,196.56,199.72,195.98,198.44,11342.74
1779501600000,198.4,200.47,198.23,199.73,7376.32
1779505200000,199.74,199.91,197.01,197.42,6564.14
1779508800000,197.42,198.4,195.56,197.64,8385.61
1779512400000,197.65,199.39,197.01,198.37,6945.44
1779516000000,198.34,200.4,197.52,199.16,9816.02
1779519600000,199.22,200.85,197.74,198.21,11708.61
1779523200000,198.23,200.16,197.79,199.43,6770.19
1779526800000,199.45,200.5,196.06,199.03,12244.51
1779530400000,199.0,199.81,198.5,199.05,4557.8
1779534000000,199.12,199.88,197.0,199.59,8616.1
1779537600000,199.59,200.42,198.74,199.31,7202.82
1779541200000,199.31,202.6,199.13,201.34,14521.33
1779544800000,201.31,202.45,200.0,201.8,13345.48
1779548400000,201.82,202.48,200.69,202.19,9283.99
1779552000000,202.2,202.36,200.5,201.34,5495.53
1779555600000,201.33,202.66,200.61,201.9,4549.92
1779559200000,201.9,202.56,201.59,202.07,5273.55
1779562800000,202.06,202.52,202.0,202.14,3466.49
1779566400000,202.18,202.69,201.9,202.6,6068.13
1779570000000,202.61,202.7,198.6,200.84,12040.01
1779573600000,200.87,202.42,200.77,202.32,4044.38
1779577200000,202.29,203.18,202.05,202.46,10033.54
1779580800000,202.5,204.5,202.32,203.71,11261.02
1779584400000,203.72,204.26,203.0,204.1,14596.62
1779588000000,204.1,205.25,203.85,204.87,17033.22
1779591600000,204.87,205.85,204.4,205.28,15886.61
1779595200000,205.27,211.0,205.25,210.88,37036.55
1779598800000,210.89,212.0,204.12,210.75,45794.87
1779602400000,210.73,210.8,206.1,208.8,22071.7
1779606000000,208.8,210.27,208.0,209.89,10490.5
1779609600000,209.89,210.2,208.0,209.03,8911.77
1779613200000,209.07,210.3,207.28,208.86,14383.98
1779616800000,208.81,209.5,207.33,208.62,8732.33
1779620400000,208.62,209.11,207.14,208.22,6525.47
1779624000000,208.22,208.89,206.44,206.57,8912.92
1779627600000,206.57,207.81,205.59,206.42,11538.07
1779631200000,206.47,207.15,204.89,205.44,15991.97
1779634800000,205.44,205.91,203.1,205.14,16121.49
1779638400000,205.13,207.54,204.65,207.43,7860.46
1779642000000,207.43,207.44,206.5,207.26,5335.34
1779645600000,207.23,207.4,206.68,206.85,4744.93
1779649200000,206.85,206.97,205.5,206.12,2690.46
1779652800000,206.09,206.19,204.92,205.07,1802.61
1779656400000,205.05,205.8,204.04,204.22,2868.36
1779660000000,204.22,206.25,204.02,205.8,5299.92
1779663600000,205.82,208.63,205.68,207.94,6931.01
1779667200000,207.94,208.5,207.0,207.71,6581.38
1779670800000,207.7,208.18,207.48,207.68,4779.93
1779674400000,207.68,207.98,206.5,207.03,5779.16
1779678000000,207.03,208.3,206.5,207.89,4700.23
1779681600000,207.89,209.31,207.73,208.48,6649.3
1779685200000,208.48,209.1,208.0,208.42,4229.56
1779688800000,208.44,209.0,207.92,208.87,4595.01
1779692400000,208.88,209.31,208.18,208.68,4991.39
1779696000000,208.68,208.74,207.21,207.6,5417.52
1779699600000,207.58,208.84,207.16,208.34,4727.6
1779703200000,208.34,208.7,208.3,208.42,3126.01
1779706800000,208.41,208.44,206.63,207.12,5538.56
1779710400000,207.12,207.77,206.69,207.16,4887.43
1779714000000,207.16,208.05,207.0,208.01,3979.46
1779717600000,208.01,208.77,207.71,208.28,5563.69
1779721200000,208.28,208.47,207.83,208.14,3349.36
1779724800000,208.14,208.78,207.98,208.54,3877.09
1779728400000,208.51,208.61,207.63,208.22,3817.76
1779732000000,208.22,208.66,207.79,208.03,3160.13
1779735600000,208.04,208.2,207.68,207.96,1720.69
1779739200000,207.92,208.27,207.75,207.97,1328.89
1779742800000,208.0,208.4,207.81,208.15,1952.74
1779746400000,208.11,208.28,207.41,208.14,3629.72
1779750000000,208.14,208.25,207.7,207.99,3058.77
1779753600000,207.99,208.37,207.21,207.85,5041.76
1779757200000,207.88,208.0,207.01,207.15,4946.23
1779760800000,207.13,208.15,206.5,207.89,6827.32
1779764400000,207.89,207.98,206.5,206.71,4745.04
1779768000000,206.71,207.29,206.07,206.4,6206.41
1779771600000,206.41,207.3,206.35,206.72,3233.79
1779775200000,206.71,207.14,206.67,206.98,2012.92
1779778800000,206.98,207.11,205.33,205.95,9703.62
1779782400000,205.91,206.0,203.5,204.85,15532.05
1779786000000,204.8,205.3,204.01,204.37,7602.82
1779789600000,204.35,204.47,203.61,204.08,10247.68
1779793200000,204.1,204.33,203.04,204.32,8703.03
1779796800000,204.32,204.32,200.2,202.01,21539.42
1779800400000,202.0,203.26,201.49,202.68,11891.61
1779804000000,202.71,202.76,200.12,200.64,15075.56
1779807600000,200.66,201.14,200.12,200.97,10445.24
1779811200000,200.97,201.67,200.89,201.23,6889.22
1779814800000,201.24,203.47,200.43,201.44,9603.4
1779818400000,201.42,201.84,200.4,200.8,3845.83
1779822000000,200.84,201.58,200.4,201.5,6823.14
1779825600000,201.51,203.0,201.31,202.29,9490.27
1779829200000,202.25,203.62,202.17,202.37,3477.54
1779832800000,202.39,203.28,202.2,203.05,2756.62
1779836400000,203.05,203.44,202.6,203.16,2503.03
1779840000000,203.17,203.34,202.66,203.14,2679.29
1779843600000,203.12,203.33,202.88,202.99,2157.51
1779847200000,202.98,203.47,202.73,203.07,2827.09
1779850800000,203.11,203.39,202.87,203.08,1896.08
1779854400000,203.07,203.22,201.0,201.84,7880.46
1779858000000,201.83,202.75,201.24,201.24,5053.12
1779861600000,201.27,202.4,201.06,202.29,4242.12
1779865200000,202.3,203.11,202.3,202.48,3980.36
1779868800000,202.49,202.55,201.25,201.65,4286.2
1779872400000,201.61,203.14,201.6,202.87,5093.14
1779876000000,202.82,204.59,201.67,204.2,13028.8
1779879600000,204.23,205.09,202.96,203.4,13409.21
1779883200000,203.42,203.91,202.82,203.59,7219.03
1779886800000,203.57,203.83,201.08,202.06,10217.46
1779890400000,202.08,202.8,201.35,202.76,8255.28
1779894000000,202.74,202.75,201.71,202.42,5474.27
1779897600000,202.42,203.56,202.2,203.52,4991.74
1779901200000,203.54,203.59,201.91,202.14,4891.03
1779904800000,202.19,202.51,201.5,202.36,3490.13
1779908400000,202.36,202.4,201.44,201.78,1580.71
1779912000000,201.77,202.01,201.44,201.82,2376.83
1779915600000,201.81,202.48,201.0,201.1,3604.27
1779919200000,201.13,201.99,201.08,201.47,2845.58
1779922800000,201.48,201.65,201.01,201.17,2060.64
1779926400000,201.19,201.75,201.14,201.54,1714.09
1779930000000,201.54,201.9,201.0,201.03,5507.92
1779933600000,201.04,201.51,201.0,201.42,2484.9
1779937200000,201.43,201.55,196.01,196.81,24096.39
1779940800000,196.8,199.41,196.02,198.83,15260.68
1779944400000,198.83,199.25,197.26,198.54,9561.59
1779948000000,198.55,199.5,198.15,199.31,4843.59
1779951600000,199.32,199.57,197.81,198.06,6251.14
1779955200000,198.07,199.1,197.42,198.5,7582.38
1779958800000,198.52,199.33,197.92,197.92,6348.22
1779962400000,197.92,198.12,196.45,196.89,6547.96
1779966000000,196.94,198.0,196.36,196.84,8025.22
1779969600000,196.85,197.66,196.55,197.5,5758.09
1779973200000,197.51,197.99,196.77,197.13,11496.73
1779976800000,197.2,198.93,196.01,198.29,15431.93
1779980400000,198.24,199.31,197.74,199.03,12052.67
1779984000000,199.03,199.33,197.0,197.0,12638.45
1779987600000,197.0,198.28,196.56,198.0,9428.55
1779991200000,198.0,198.06,197.44,197.67,4304.31
1779994800000,197.67,198.87,197.55,198.63,2823.11
1779998400000,198.63,198.63,197.73,198.06,2402.69
1780002000000,198.06,198.77,197.9,198.34,1317.91
1780005600000,198.34,198.66,197.68,197.8,2097.87
1780009200000,197.77,198.73,197.67,198.67,1597.66
1780012800000,198.67,199.5,198.46,199.45,5534.98
1780016400000,199.45,199.57,191.0,194.08,51311.76
1780020000000,194.05,194.74,193.29,193.53,12599.24
1780023600000,193.51,195.0,193.23,194.52,12309.4
1780027200000,194.52,195.88,194.22,195.4,8983.18
1780030800000,195.4,196.0,194.54,195.34,8241.28
1780034400000,195.31,195.79,193.09,194.88,11455.58
1780038000000,194.87,195.49,194.17,195.46,5444.05
1780041600000,195.49,195.73,194.52,194.84,6690.03
1780045200000,194.85,195.0,194.36,194.51,3508.44
1780048800000,194.54,194.97,194.25,194.53,6249.52
1780052400000,194.49,194.55,193.63,193.96,5342.99
1780056000000,193.95,193.96,190.07,192.19,24186.97
1780059600000,192.18,195.2,191.97,193.85,33697.45
1780063200000,193.81,194.07,192.16,192.64,11663.86
1780066800000,192.67,194.74,192.58,193.62,10948.78
1780070400000,193.61,193.83,193.45,193.69,5507.67
1780074000000,193.69,193.83,193.21,193.38,3513.19
1780077600000,193.38,193.5,192.79,193.2,2991.75
1780081200000,193.19,194.36,193.05,194.1,4499.24
1780084800000,194.07,194.08,193.39,193.82,1461.4
1780088400000,193.83,193.9,193.04,193.63,1769.99
1780092000000,193.63,195.15,193.43,194.97,2796.14
1780095600000,194.94,195.05,194.27,194.49,2487.11
1780099200000,194.49,194.71,193.3,194.13,3589.22
1780102800000,194.13,195.36,193.94,194.9,5019.41
1780106400000,194.89,195.29,194.36,195.1,3188.71
1780110000000,195.14,196.25,195.05,195.99,8464.84
1780113600000,196.0,197.77,195.93,197.74,7482.42
1780117200000,197.74,198.0,197.38,197.59,6754.97
1780120800000,197.59,198.88,197.46,198.59,11613.22
1780124400000,198.59,199.41,198.33,199.37,7552.37
1780128000000,199.36,201.7,199.05,201.01,11681.1
1780131600000,201.01,201.35,199.28,200.34,9127.7
1780135200000,200.35,200.7,197.78,199.46,16917.53
1780138800000,199.45,199.52,198.38,199.28,4148.07
1780142400000,199.28,199.48,198.6,199.09,4377.18
1780146000000,199.11,200.7,199.11,200.4,6738.76
1780149600000,200.4,200.45,198.94,198.96,7291.46
1780153200000,198.95,199.61,198.6,199.16,6754.81
1780156800000,199.18,201.45,199.18,201.4,7662.66
1780160400000,201.44,201.5,200.3,200.51,7248.47
1780164000000,200.51,200.58,199.87,200.34,2315.13
1780167600000,200.38,201.99,200.36,201.96,3538.54
1780171200000,201.95,204.0,201.01,201.1,18356.91
1780174800000,201.1,201.5,198.94,200.15,9529.23
1780178400000,200.18,200.4,199.75,200.29,1641.11
1780182000000,200.29,201.11,200.2,200.71,2409.1
1780185600000,200.71,201.3,199.81,201.25,3661.82
1780189200000,201.25,203.48,200.9,203.01,9791.05
1780192800000,203.03,203.42,202.89,202.92,5499.64
1780196400000,202.96,203.17,200.89,201.44,7980.99
1780200000000,201.42,202.57,200.98,202.33,5455.27
1780203600000,202.33,202.77,201.61,202.06,4653.69
1780207200000,202.06,203.9,202.03,203.64,8014.46
1780210800000,203.66,204.45,202.91,202.96,10842.34
1780214400000,202.92,203.57,202.66,203.29,5298.58
1780218000000,203.3,204.55,203.23,204.08,5791.91
1780221600000,204.08,204.19,202.81,203.22,7125.64
1780225200000,203.22,203.23,202.0,202.95,4545.6
1780228800000,202.95,203.19,202.06,202.66,4010.49
1780232400000,202.65,203.08,201.67,202.2,5705.32
1780236000000,202.24,202.72,201.67,201.84,4808.06
1780239600000,201.88,202.61,201.5,201.86,4340.33
1780243200000,201.87,201.92,200.2,201.52,7251.51
1780246800000,201.52,201.67,200.86,201.28,2726.11
1780250400000,201.28,201.43,200.98,201.16,781.31
1780254000000,201.18,201.44,200.94,201.24,870.52
1780257600000,201.24,201.75,201.03,201.67,1530.78
1780261200000,201.64,203.27,201.47,203.06,2350.1
1780264800000,203.06,203.87,202.7,203.83,4075.31
1780268400000,203.81,204.84,202.81,203.43,7410.33
1780272000000,203.43,204.76,202.85,204.35,6456.86
1780275600000,204.35,205.0,203.23,203.44,9573.53
1780279200000,203.44,204.56,203.38,203.54,5376.6
1780282800000,203.52,204.2,202.16,202.56,8175.85
1780286400000,202.56,203.6,202.3,203.4,6141.39
1780290000000,203.43,204.2,202.88,203.71,6212.65
1780293600000,203.72,204.88,203.33,204.54,10113.2
1780297200000,204.58,204.94,203.26,203.38,6450.73
1780300800000,203.39,204.9,203.39,204.42,8241.5
1780304400000,204.44,205.0,203.57,203.85,8212.69
1780308000000,203.88,204.35,200.7,200.89,19253.66
1780311600000,200.93,202.0,200.5,200.66,12527.26
1780315200000,200.68,200.91,197.06,199.64,28509.41
1780318800000,199.67,200.54,194.45,198.21,61550.06
1780322400000,198.18,202.34,193.8,194.44,42641.91
1780326000000,194.44,197.28,194.2,196.86,16593.64
1780329600000,196.87,198.2,195.78,197.21,11430.97
1780333200000,197.24,198.88,197.21,198.01,8962.55
1780336800000,198.01,198.71,197.24,198.53,10122.55
1780340400000,198.54,199.0,198.0,198.48,2758.84
1780344000000,198.46,198.68,197.16,197.19,2048.75
1780347600000,197.21,198.0,196.6,197.44,3819.4
1780351200000,197.44,197.51,195.04,195.12,6958.8
1780354800000,195.13,198.2,195.06,197.57,5128.65
1780358400000,197.56,198.64,197.35,198.63,5006.67
1780362000000,198.63,199.41,198.07,198.42,5337.3
1780365600000,198.42,199.19,197.94,199.11,6026.85
1780369200000,199.11,199.8,198.4,198.67,13333.08
1780372800000,198.68,199.8,198.5,199.48,5117.72
1780376400000,199.49,199.77,198.7,199.04,5566.42
1780380000000,199.04,199.21,198.11,198.38,4186.45
1780383600000,198.38,201.38,196.43,199.41,35722.01
1780387200000,199.44,201.42,199.1,199.7,21904.85
1780390800000,199.71,199.72,197.68,199.09,13322.7
1780394400000,199.1,200.47,198.39,199.79,6852.01
1780398000000,199.81,200.58,199.44,199.53,7004.21
1780401600000,199.53,200.6,198.5,198.68,9114.22
1780405200000,198.67,199.28,197.86,198.76,13874.14
1780408800000,198.74,198.8,196.5,197.77,17688.53
1780412400000,197.78,197.88,196.0,196.1,27718.0
1780416000000,196.11,197.61,196.0,197.61,10205.65
1780419600000,197.61,197.64,196.82,196.86,4792.06
1780423200000,196.86,197.58,195.88,195.96,12536.5
1780426800000,195.96,196.4,195.0,195.43,8604.56
1780430400000,195.42,196.46,195.07,195.94,4047.2
1780434000000,195.93,197.87,195.92,196.04,6078.48
1780437600000,196.06,196.43,195.0,195.19,5038.76
1780441200000,195.2,196.3,195.0,195.74,6979.16
1780444800000,195.76,195.97,177.44,188.64,193355.51
1780448400000,188.65,190.47,188.0,189.99,23291.43
1780452000000,189.99,190.76,188.47,188.94,17528.95
1780455600000,188.92,189.32,186.01,187.58,24265.15
1780459200000,187.56,190.2,187.28,189.27,16067.35
1780462800000,189.27,191.0,188.95,190.74,16288.94
1780466400000,190.74,193.16,190.65,191.96,15336.87
1780470000000,191.93,194.64,187.28,191.72,34842.59
1780473600000,191.75,193.71,191.3,193.17,16650.12
1780477200000,193.17,193.7,190.16,191.32,16973.27
1780480800000,191.3,191.91,187.66,189.82,18891.75
1780484400000,189.82,190.1,188.0,188.3,17062.3
1780488000000,188.32,188.62,186.27,186.83,14344.17
1780491600000,186.82,190.74,186.63,189.04,22068.57
1780495200000,189.06,191.33,189.0,190.06,15715.38
1780498800000,190.06,191.14,188.77,189.01,14294.93
1780502400000,189.02,189.6,187.18,187.78,12702.07
1780506000000,187.78,187.81,186.32,186.47,11348.96
1780509600000,186.46,188.8,186.32,187.89,14652.1
1780513200000,187.88,189.61,187.8,188.4,11340.6
1780516800000,188.41,189.44,187.39,187.48,6028.56
1780520400000,187.49,188.16,186.18,187.36,7330.22
1780524000000,187.42,187.67,186.0,186.4,10661.41
1780527600000,186.4,189.49,185.05,188.15,16373.36
1780531200000,188.15,189.06,186.25,186.67,9250.89
1780534800000,186.66,188.38,185.95,186.23,12077.94
1780538400000,186.24,187.49,186.0,186.59,10752.01
1780542000000,186.6,188.76,186.58,188.12,7267.84
1780545600000,188.11,189.56,186.55,187.14,9043.44
1780549200000,187.14,187.55,186.43,186.87,6549.72
1780552800000,186.87,188.02,186.5,186.54,5307.81
1780556400000,186.54,188.0,186.22,187.1,7741.89
1780560000000,187.1,187.29,186.38,187.11,5139.88
1780563600000,187.11,187.34,185.0,185.85,16459.35
1780567200000,185.86,185.94,180.05,180.05,47571.8
1780570800000,180.07,182.95,180.0,181.32,27139.56
1780574400000,181.35,183.7,180.77,182.93,19635.84
1780578000000,182.93,188.38,182.01,185.25,34765.62
1780581600000,185.27,185.38,180.16,180.29,27933.71
1780585200000,180.3,181.32,180.0,180.32,25298.35
1780588800000,180.32,181.62,178.0,180.24,41170.26
1780592400000,180.25,180.52,175.65,176.05,29088.51
1780596000000,176.05,176.18,170.0,171.73,73656.63
1780599600000,171.74,172.5,170.0,170.65,31762.28
1780603200000,170.65,173.46,170.05,173.37,23016.37
1780606800000,173.37,176.95,171.54,173.89,24650.67
1780610400000,173.89,175.94,172.82,174.93,19513.26
1780614000000,174.92,177.0,174.86,176.0,12008.06
1780617600000,175.96,179.75,174.76,177.28,35894.0
1780621200000,177.28,178.64,174.63,178.36,18707.2
1780624800000,178.32,179.9,175.51,176.41,20811.1
1780628400000,176.38,177.6,175.07,175.49,12282.6
1780632000000,175.5,176.79,175.01,175.9,11544.27
1780635600000,175.91,177.12,173.1,173.34,18749.44
1780639200000,173.31,175.6,171.0,173.68,59584.16
1780642800000,173.68,175.6,172.23,173.78,20484.59
1780646400000,173.78,174.47,170.48,170.74,30373.76
1780650000000,170.77,172.17,167.01,167.08,81253.9
1780653600000,167.08,168.24,166.12,167.87,41206.79
1780657200000,167.89,168.33,166.59,167.24,18869.17
1780660800000,167.23,169.55,166.9,166.96,28179.63
1780664400000,166.95,167.05,162.0,162.04,61352.31
1780668000000,162.04,166.73,161.0,163.53,55648.14
1780671600000,163.48,166.26,162.9,165.39,39308.16
1780675200000,165.4,165.78,163.29,164.4,24137.58
1780678800000,164.37,167.76,163.16,166.03,27189.97
1780682400000,166.03,167.6,164.58,165.36,26500.26
1780686000000,165.37,167.97,164.2,167.5,15919.56
1780689600000,167.5,168.0,166.49,166.92,6527.53
1780693200000,166.92,170.58,166.04,170.01,20733.25
1780696800000,170.0,173.0,168.56,169.28,28051.02
1780700400000,169.26,170.13,166.29,166.6,7601.97
1780704000000,166.61,168.96,166.31,166.57,8309.92
1780707600000,166.61,167.06,165.64,165.67,7955.8
1780711200000,165.67,165.99,162.2,164.6,20726.19
1780714800000,164.57,164.63,162.17,163.81,12981.72
1780718400000,163.81,163.97,162.01,162.13,10362.4
1780722000000,162.16,165.5,162.06,165.29,11366.25
1780725600000,165.31,167.37,164.95,165.24,18057.12
1780729200000,165.21,166.23,164.72,165.1,9744.06
1780732800000,165.1,166.61,163.97,164.35,9771.6
1780736400000,164.35,165.35,163.16,164.68,9443.53
1780740000000,164.71,165.07,163.2,164.1,10056.61
1780743600000,164.13,167.8,164.07,166.04,14432.38
1780747200000,166.04,166.12,164.34,165.53,8722.59
1780750800000,165.55,165.65,164.4,164.59,5493.31
1780754400000,164.6,166.35,164.45,164.88,16438.43
1780758000000,164.88,165.42,163.03,163.73,11746.33
1780761600000,163.74,164.88,163.52,164.66,8006.77
1780765200000,164.66,165.31,163.74,163.79,5225.17
1780768800000,163.76,163.89,162.77,163.03,6983.82
1780772400000,163.06,163.65,162.76,163.44,4567.29
1780776000000,163.47,163.47,162.75,162.93,4015.8
1780779600000,162.93,163.44,162.73,162.86,4014.39
1780783200000,162.86,165.29,162.71,164.93,8068.66
1780786800000,164.91,168.0,164.84,166.93,20091.16
1780790400000,166.95,168.94,165.32,168.25,11033.98
1780794000000,168.23,169.39,167.02,167.63,14092.53
1780797600000,167.63,168.09,165.77,167.08,8831.11
1780801200000,167.07,169.59,167.03,169.02,14307.2
1780804800000,169.04,170.17,167.74,169.46,15862.08
1780808400000,169.46,172.96,169.0,171.77,28365.9
1780812000000,171.74,172.78,170.4,171.52,17352.2
1780815600000,171.49,171.85,168.11,169.55,24727.72
1780819200000,169.57,170.64,168.28,169.45,18572.44
1780822800000,169.45,171.3,169.35,170.31,10034.73
1780826400000,170.32,170.33,168.39,169.18,9618.04
1780830000000,169.15,169.9,168.89,169.54,9319.89
1780833600000,169.52,169.68,167.08,168.78,15236.23
1780837200000,168.78,171.07,168.04,170.4,14897.1
1780840800000,170.4,172.68,169.84,172.53,20154.72
1780844400000,172.56,174.63,172.05,173.14,29927.98
1780848000000,173.1,179.86,173.1,176.05,62835.34
1780851600000,176.05,176.54,171.0,172.0,44008.68
1780855200000,171.97,172.84,169.0,171.0,39355.0
1780858800000,171.0,171.47,169.13,170.59,16304.52
1780862400000,170.62,172.5,170.43,171.68,6684.74
1780866000000,171.68,172.54,170.01,171.22,7054.8
1780869600000,171.24,174.0,170.45,172.7,14950.2
1780873200000,172.69,174.4,170.39,170.62,12672.65
1780876800000,170.65,172.83,170.29,172.11,18897.52
1780880400000,172.12,172.4,169.8,171.78,11469.1
1780884000000,171.78,172.5,169.28,170.34,14852.58
1780887600000,170.33,170.33,168.2,168.75,16194.13
1780891200000,168.76,169.41,165.5,167.24,25831.28
1780894800000,167.24,169.92,167.15,167.72,20332.81
1780898400000,167.7,168.5,166.79,167.26,15220.75
1780902000000,167.27,168.35,166.0,166.84,31677.01
1780905600000,166.84,167.78,165.0,165.71,29885.18
1780909200000,165.74,166.16,163.4,163.92,30729.26
1780912800000,163.92,165.74,163.1,164.42,30428.15
1780916400000,164.44,166.87,164.1,165.53,34677.85
1780920000000,165.48,167.18,163.7,166.97,50680.23
1780923600000,166.98,167.94,166.58,166.91,41285.17
1780927200000,166.9,168.98,165.68,168.58,103441.72
1780930800000,168.59,171.78,166.32,170.78,154258.44
1780934400000,170.77,170.96,168.32,170.17,103202.39
1780938000000,170.19,174.29,169.05,172.14,245904.39
1780941600000,172.16,176.7,170.42,174.81,169208.73
1780945200000,174.8,175.79,172.65,174.71,73642.65
1780948800000,174.72,175.98,173.09,174.52,50772.38
1780952400000,174.52,174.81,168.0,171.52,68721.6
1780956000000,171.52,172.67,168.75,168.95,43991.26
1780959600000,168.96,173.34,168.46,172.7,62017.83
1780963200000,172.69,172.69,170.33,171.78,32994.06
1780966800000,171.78,171.96,170.23,170.76,20259.19
1780970400000,170.76,170.79,168.85,169.22,37941.51
1780974000000,169.21,171.88,169.06,170.2,43530.19
1780977600000,170.21,171.0,169.26,169.61,36978.31
1780981200000,169.58,171.92,169.54,171.64,38569.23
1780984800000,171.66,171.95,170.05,170.36,31600.24
1780988400000,170.36,170.7,168.2,169.19,53307.81
1780992000000,169.18,170.8,168.3,169.61,46211.04
1780995600000,169.61,170.8,166.8,169.58,84890.88
1780999200000,169.61,169.75,168.2,169.57,44787.05
1781002800000,169.6,174.0,169.26,172.44,61853.22
1781006400000,172.45,175.0,172.42,174.62,81169.64
1781010000000,174.61,174.66,171.88,173.3,72661.23
1781013600000,173.27,173.8,169.6,170.71,62092.04
1781017200000,170.7,173.8,169.56,169.81,62723.73
1781020800000,169.81,169.98,167.0,169.38,60681.2
1781024400000,169.41,170.28,168.7,169.16,28243.39
1781028000000,169.17,173.12,169.13,170.7,37724.1
1781031600000,170.69,172.91,170.26,171.77,26160.04
1781035200000,171.77,172.88,171.4,171.9,21100.4
1781038800000,171.92,172.21,169.92,170.33,15509.34
1781042400000,170.36,170.84,169.87,170.48,10313.57
1781046000000,170.48,170.68,169.32,170.27,14201.16
1781049600000,170.27,171.0,169.64,170.71,11257.29
1781053200000,170.73,171.5,170.54,171.47,10128.51
1781056800000,171.47,171.69,170.29,170.5,17176.93
1781060400000,170.5,172.02,170.05,171.08,18985.96
1781064000000,171.09,172.68,170.95,172.43,25183.82
1781067600000,172.42,173.39,171.99,172.0,25479.19
1781071200000,172.0,174.46,172.0,174.12,23105.97
1781074800000,174.14,174.69,172.36,173.46,35439.98
1781078400000,173.46,174.33,170.95,172.71,23928.2
1781082000000,158.04,162.0,154.83,160.35,218978.07
1781085600000,160.36,163.99,160.12,162.5,97216.96
1781089200000,162.5,165.44,161.2,162.24,119409.77
1781092800000,162.23,163.16,159.68,160.85,125903.56
1781096400000,160.83,163.39,160.38,161.73,56272.54
1781100000000,161.73,164.16,161.51,163.7,78378.03
1781103600000,163.7,165.7,162.9,164.04,81021.88
1781107200000,164.08,164.99,161.01,162.75,63888.69
1781110800000,162.75,163.7,161.94,163.2,30025.94
1781114400000,163.2,163.6,162.44,162.53,18039.6
1781118000000,162.54,163.6,162.1,163.24,22940.53
1781121600000,163.24,163.99,162.86,163.6,24373.79
1781125200000,163.62,163.71,162.0,162.59,18802.5
1781128800000,162.57,163.35,162.0,163.1,17172.64
1781132400000,163.08,163.29,162.2,162.44,10608.41
1781136000000,162.44,162.74,160.28,160.95,37674.25
1781139600000,160.96,162.95,160.77,161.25,38022.61
1781143200000,161.25,161.8,159.5,159.67,64035.53
1781146800000,159.66,160.8,158.42,160.58,67082.0
1781150400000,160.56,161.8,160.33,161.32,32998.0
1781154000000,161.32,161.54,159.15,160.18,51552.41
1781157600000,160.18,162.07,160.03,162.0,40787.18
1781161200000,162.0,162.16,160.71,161.46,43642.68
1781164800000,161.47,162.3,160.69,161.4,39173.46
1781168400000,161.39,163.5,161.3,162.41,62768.7
1781172000000,162.4,162.96,161.63,162.37,62106.88
1781175600000,162.37,163.69,161.89,163.69,58813.57
1781179200000,163.67,164.47,162.73,163.23,107095.05
1781182800000,163.21,164.2,161.53,163.43,99757.79
1781186400000,163.4,164.98,163.3,164.83,92991.75
1781190000000,164.82,168.0,164.57,166.43,183288.39
1781193600000,166.42,167.0,164.75,166.57,104956.6
1781197200000,166.57,168.5,166.15,168.41,80953.62
1781200800000,168.41,168.42,165.45,165.89,83623.24
1781204400000,165.88,166.25,163.11,166.15,104118.53
1781208000000,166.16,167.4,165.71,166.05,53015.48
1781211600000,166.05,168.6,165.95,168.52,50690.27
1781215200000,168.52,172.94,168.28,170.91,124550.15
1781218800000,170.91,172.0,168.4,170.82,77148.95
1781222400000,170.81,172.71,168.75,172.19,79453.29
1781226000000,172.19,172.66,168.5,168.7,94145.75
1781229600000,168.73,171.59,168.7,171.08,55198.24
1781233200000,171.09,172.6,169.37,171.95,87025.48
1781236800000,171.95,172.78,169.69,172.65,106408.23
1781240400000,172.65,183.76,172.62,180.45,567982.38
1781244000000,180.45,180.75,172.9,174.35,322502.34
1781247600000,174.35,176.09,171.7,174.92,266171.5
1781251200000,174.94,175.69,170.2,172.9,300200.31
1781254800000,172.9,178.0,172.9,176.02,209367.15
1781258400000,176.02,177.5,171.8,173.92,259506.01
1781262000000,173.93,177.64,173.23,175.98,295857.8
1781265600000,175.98,179.79,171.04,171.54,502512.83
1781269200000,171.55,176.84,165.0,176.25,1773147.88
1781272800000,176.26,178.58,165.72,165.79,2062170.51
1781276400000,165.78,168.62,152.0,161.25,6442315.84
1781280000000,161.27,174.0,156.02,173.72,9177794.08
1781283600000,173.73,176.61,168.03,173.2,4155586.68
1781287200000,173.2,173.24,165.23,168.95,2849240.11
1781290800000,168.95,169.35,158.21,161.6,3981779.12
1781294400000,161.6,164.78,160.62,163.45,756957.27
1781298000000,163.45,166.75,162.7,165.46,410464.97
1781301600000,165.45,167.9,164.41,167.33,178361.65
1781305200000,167.33,167.89,166.44,166.86,104460.3
1781308800000,166.85,166.91,163.95,165.07,145305.91
1781312400000,165.08,165.46,163.91,164.89,90499.51
1781316000000,164.88,166.49,163.77,164.0,115165.99
1781319600000,163.98,164.69,162.3,164.39,93666.11
1781323200000,164.39,165.9,163.91,165.72,120950.64
1781326800000,165.72,166.08,164.17,164.56,63085.25
1781330400000,164.56,164.81,163.96,164.21,39718.92
1781334000000,164.2,164.93,164.07,164.78,49093.29
1781337600000,164.78,164.96,164.2,164.68,39456.03
1781341200000,164.67,165.65,164.63,165.35,50091.29
1781344800000,165.35,165.52,165.08,165.29,42409.06
1781348400000,165.28,165.48,165.22,165.3,22720.72
1781352000000,165.31,165.89,165.21,165.49,40391.34
1781355600000,165.49,165.61,165.08,165.21,28284.26
1781359200000,165.2,165.31,164.52,164.6,38433.66
1781362800000,164.6,166.25,164.45,165.58,67597.01
1781366400000,165.59,165.65,165.19,165.21,21398.61
1781370000000,165.22,165.34,164.53,164.86,24414.56
1781373600000,164.86,165.43,164.72,165.02,14309.36
1781377200000,165.02,165.13,164.11,164.29,24532.74
1781380800000,164.29,165.1,164.16,164.95,17550.61
1781384400000,164.94,165.36,164.87,165.05,17308.3
1781388000000,165.05,165.77,164.91,165.59,32732.96
1781391600000,165.58,165.64,164.82,165.04,29407.18
1781395200000,165.05,165.45,164.67,165.33,28569.48
1781398800000,165.33,165.74,165.16,165.64,25781.51
1781402400000,165.63,165.85,165.32,165.68,14698.79
1781406000000,165.69,165.74,165.37,165.41,14666.03
1781409600000,165.4,165.51,165.12,165.27,13191.6
1781413200000,165.27,166.7,165.18,166.01,66735.69
1781416800000,166.01,166.47,165.85,166.43,45356.85
1781420400000,166.42,167.49,166.42,167.43,94975.5
1781424000000,167.43,167.78,167.33,167.43,51858.63
1781427600000,167.43,167.47,165.92,166.99,83873.67
1781431200000,166.98,167.67,166.69,167.44,30927.07
1781434800000,167.43,167.69,167.27,167.38,26736.63
1781438400000,167.38,167.76,166.09,166.62,52524.17
1781442000000,166.62,166.94,166.3,166.89,18068.0
1781445600000,166.89,167.02,165.81,166.15,31577.75
1781449200000,166.16,166.84,166.16,166.59,23198.49
1781452800000,166.6,166.96,166.42,166.56,16371.18
1781456400000,166.55,166.84,166.02,166.25,14362.95
1781460000000,166.25,166.46,166.01,166.4,15168.19
1781463600000,166.4,166.75,166.3,166.68,13080.17
1781467200000,166.69,167.09,166.63,166.76,13011.17
1781470800000,166.77,169.0,166.67,168.22,60377.08
1781474400000,168.23,169.39,167.44,169.33,86359.14
1781478000000,169.34,169.43,166.83,167.87,65976.96
1781481600000,167.87,169.16,167.02,167.77,198389.17
1781485200000,167.77,167.87,167.01,167.52,46741.46
1781488800000,167.51,167.87,167.2,167.69,39727.17
1781492400000,167.69,168.59,167.43,168.36,60064.35
1781496000000,168.36,169.73,168.08,169.46,95458.35
1781499600000,169.45,169.5,168.4,169.04,60509.36
1781503200000,169.04,171.04,168.88,170.72,140042.2
1781506800000,170.73,173.1,170.47,171.01,299581.58
1781510400000,171.02,171.26,168.72,170.01,403647.79
1781514000000,170.02,172.61,169.68,170.66,318787.24
1781517600000,170.66,171.31,168.77,168.85,211335.65
1781521200000,168.85,170.35,167.5,169.34,275064.27
1781524800000,169.35,171.49,169.1,170.51,314774.26
1781528400000,170.51,174.87,168.6,173.5,1367598.69
1781532000000,173.5,175.0,169.5,173.21,1369325.19
1781535600000,173.23,177.95,172.63,175.79,902845.4
1781539200000,175.78,179.34,173.95,179.06,1180950.12
1781542800000,179.06,188.0,178.71,187.98,1525357.99
1781546400000,187.97,188.58,182.5,187.24,1241635.58
1781550000000,187.25,192.68,181.68,192.06,1422855.58
1781553600000,192.06,195.1,189.42,192.87,717176.7
1781557200000,192.87,197.49,191.53,196.91,332764.95
1781560800000,196.91,198.9,196.05,198.83,256793.27
1781564400000,198.83,202.17,198.03,199.27,426502.91
1781568000000,199.28,228.0,199.06,226.45,1385396.2
1781571600000,226.41,226.55,209.17,214.88,1515982.18
1781575200000,214.84,219.37,210.21,212.1,705747.77
1781578800000,212.1,213.97,211.0,213.27,220771.85
1781582400000,213.27,213.8,210.15,212.39,258017.38
1781586000000,212.39,213.47,206.6,210.3,431438.17
1781589600000,210.3,216.08,210.07,214.67,412278.87
1781593200000,214.67,215.49,212.56,213.08,230867.33
1781596800000,213.08,214.25,207.8,211.99,586330.55
1781600400000,211.98,213.76,210.27,210.89,320334.91
1781604000000,210.89,212.87,207.27,207.37,430653.76
1781607600000,207.38,211.99,199.45,203.16,1465683.82
1781611200000,203.15,204.67,199.6,202.07,910718.93
1781614800000,202.08,219.77,196.32,218.49,3622343.38
1781618400000,218.5,225.62,204.18,207.64,4172658.61
1781622000000,207.63,214.7,206.03,210.88,1786613.15
1781625600000,210.88,217.25,210.55,216.81,1551933.7
1781629200000,216.82,217.81,210.5,211.64,956613.62
1781632800000,211.63,214.62,207.78,208.62,845425.18
1781636400000,208.62,209.41,195.05,201.81,2059229.64
1781640000000,201.81,205.3,197.69,203.31,862812.71
1781643600000,203.31,208.14,201.9,205.35,386927.42
1781647200000,205.35,207.5,202.94,205.75,212719.09
1781650800000,205.72,206.36,204.0,205.91,126662.52
1781654400000,205.92,207.96,203.37,204.77,262948.81
1781658000000,204.76,204.76,200.08,203.2,336196.33
1781661600000,203.2,204.95,202.28,203.9,159177.44
1781665200000,203.89,205.16,202.77,204.77,103322.23
1781668800000,204.77,206.07,203.58,204.09,165915.42
1781672400000,204.09,204.56,203.06,204.29,92777.5
1781676000000,204.29,205.6,203.43,205.45,140105.9
1781679600000,205.46,207.92,205.29,207.23,240946.48
1781683200000,207.22,211.28,205.74,208.05,615893.93
1781686800000,208.05,209.65,207.43,208.64,236674.51
1781690400000,208.65,208.8,206.28,207.44,188540.56
1781694000000,207.44,208.85,203.64,204.55,368400.45
1781697600000,204.56,208.22,203.45,207.57,405496.86
1781701200000,207.57,213.97,196.32,197.61,2580501.07
1781704800000,197.6,199.93,190.73,193.83,3362408.53
1781708400000,193.84,196.2,187.5,195.83,2333698.46
1781712000000,195.82,197.8,193.25,195.27,1303883.85
1781715600000,195.26,199.8,194.78,197.81,1176296.1
1781719200000,197.81,200.38,193.85,197.73,1273854.61
1781722800000,197.71,198.88,190.42,192.07,1802060.04
1781726400000,192.08,194.7,191.24,193.92,410285.59
1781730000000,193.92,194.75,193.46,194.07,87221.96
1781733600000,194.06,196.53,193.64,195.57,129407.21
1781737200000,195.58,195.62,194.88,195.24,77422.5
1781740800000,195.24,195.66,192.19,193.53,231569.61
1781744400000,193.53,193.96,191.03,192.01,155211.89
1781748000000,192.02,192.56,190.29,191.23,241483.43
1781751600000,191.23,192.84,191.18,192.24,146465.73
1781755200000,192.24,192.27,190.1,190.36,139249.11
1781758800000,190.35,190.66,188.5,189.52,358005.77
1781762400000,189.54,192.59,189.08,190.65,281853.95
1781766000000,190.65,195.02,190.65,193.47,317161.84
1781769600000,193.48,195.23,191.82,194.0,481740.07
1781773200000,193.99,195.13,193.34,193.48,222356.32
1781776800000,193.49,193.68,189.81,190.74,459019.07
1781780400000,190.64,191.29,187.83,189.76,633081.64
1781784000000,189.77,189.82,185.35,187.0,1036385.01
1781787600000,187.0,189.29,176.75,178.05,3376621.51
1781791200000,178.06,183.69,177.61,179.66,1755870.68
1781794800000,179.66,180.92,175.43,176.26,1570833.14
1781798400000,176.28,177.04,172.55,175.86,1904226.13
1781802000000,175.87,181.17,175.78,179.98,1682467.91
1781805600000,179.98,180.88,178.23,178.97,865450.01
1781809200000,178.97,190.21,178.79,185.25,1842712.66
1781812800000,185.24,185.35,181.8,182.74,607122.07
1781816400000,182.73,182.99,181.88,182.74,125438.56
1781820000000,182.75,182.85,180.1,180.74,136726.6
1781823600000,180.75,182.32,180.71,181.77,81939.29
1781827200000,181.77,182.5,180.09,181.31,122071.4
1781830800000,181.3,181.92,180.51,181.85,91797.83
1781834400000,181.86,183.37,181.59,183.32,87468.13
1781838000000,183.32,184.28,176.35,179.92,724273.58
1781841600000,179.92,180.44,177.21,177.51,258191.97
1781845200000,177.51,179.88,177.22,179.03,154341.0
1781848800000,179.04,179.7,177.58,178.18,88522.87
1781852400000,178.18,179.5,178.01,179.37,142400.26
1781856000000,179.39,180.3,178.5,180.28,148482.06
1781859600000,180.28,180.3,178.14,178.63,138258.52
1781863200000,178.63,179.35,178.57,179.18,65878.52
1781866800000,179.18,179.39,178.34,178.73,67706.73
1781870400000,178.73,179.2,177.52,179.16,88627.44
1781874000000,179.16,180.3,178.69,179.77,137934.84
1781877600000,179.77,179.93,179.0,179.56,73978.91
1781881200000,179.56,180.08,179.07,179.98,68872.53
1781884800000,179.98,180.1,179.17,179.37,59658.6
1781888400000,179.38,179.88,178.2,179.61,88341.4
1781892000000,179.6,179.84,179.11,179.39,69541.17
1781895600000,179.39,180.02,179.02,179.99,35244.84
1781899200000,179.99,180.3,179.53,180.23,115043.64
1781902800000,180.22,180.28,179.27,179.4,24887.74
1781906400000,179.4,180.29,179.15,180.19,34394.56
1781910000000,180.19,180.3,179.89,180.09,24701.13
1781913600000,180.08,180.24,179.18,179.26,35792.5
1781917200000,179.26,179.57,179.03,179.28,32722.85
1781920800000,179.28,179.47,178.86,179.09,28033.6
1781924400000,179.09,179.75,179.07,179.47,27783.27
1781928000000,179.47,180.2,179.47,180.19,25282.92
1781931600000,180.18,180.29,179.86,180.21,38383.63
1781935200000,180.22,180.29,179.93,180.25,28149.14
1781938800000,180.24,181.6,179.73,179.79,108417.19
1781942400000,179.79,181.99,179.76,181.25,81279.43
1781946000000,181.24,181.8,180.61,181.45,45909.07
1781949600000,181.44,181.45,180.82,180.94,36852.51
1781953200000,180.93,181.03,180.11,180.4,41143.83
1781956800000,180.4,181.4,180.3,180.69,34968.11
1781960400000,180.69,180.81,179.86,180.3,38155.71
1781964000000,180.3,180.76,179.82,180.57,47548.02
1781967600000,180.57,181.12,180.46,180.54,36062.8
1781971200000,180.55,180.81,180.27,180.58,14994.49
1781974800000,180.58,180.58,180.02,180.19,29934.83
1781978400000,180.2,180.27,179.91,180.04,15526.62
1781982000000,180.04,180.54,180.04,180.49,10940.19
1781985600000,180.49,180.9,180.46,180.89,11085.69
1781989200000,180.88,181.0,180.45,180.86,13466.43
1781992800000,180.86,181.44,180.69,181.15,40868.67
1781996400000,181.15,181.77,180.91,181.56,26147.14
1782000000000,181.56,181.86,181.13,181.8,66225.81
1782003600000,181.8,181.81,181.0,181.18,26764.05
1782007200000,181.18,181.36,180.83,180.9,19359.41
1782010800000,180.91,181.66,180.82,181.6,24221.48
1782014400000,181.6,181.85,181.5,181.5,29859.68
1782018000000,181.51,181.76,181.5,181.59,12096.34
1782021600000,181.59,181.6,181.31,181.46,16535.7
1782025200000,181.46,181.65,181.33,181.41,14846.93
1782028800000,181.41,181.49,181.06,181.16,17821.58
1782032400000,181.16,181.35,181.06,181.21,15253.35
1782036000000,181.22,181.22,180.52,180.97,27980.95
1782039600000,180.97,181.15,180.51,180.64,22830.84
1782043200000,180.64,180.81,180.2,180.79,25926.4
1782046800000,180.79,180.86,180.46,180.46,17441.21
1782050400000,180.47,180.87,180.46,180.82,10722.34
1782054000000,180.82,181.49,180.77,181.34,27163.79
1782057600000,181.34,181.59,180.88,181.26,25001.0
1782061200000,181.27,181.35,181.09,181.35,10674.65
1782064800000,181.35,181.79,181.07,181.67,24457.88
1782068400000,181.67,181.74,181.58,181.7,7601.39
1782072000000,181.7,181.74,180.73,180.8,14419.76
1782075600000,180.79,181.23,179.88,180.68,62827.51
1782079200000,180.68,181.34,179.19,179.91,88036.37
1782082800000,179.91,180.19,175.3,176.02,281436.34
1782086400000,176.01,179.48,175.53,177.75,391258.07
1782090000000,177.75,179.32,177.54,177.76,173667.19
1782093600000,177.77,178.08,176.62,176.66,119156.75
1782097200000,176.66,177.57,176.29,176.77,107317.89
1782100800000,176.77,177.87,176.71,177.54,96766.84
1782104400000,177.55,178.9,177.4,178.61,83521.88
1782108000000,178.61,181.26,178.54,180.17,179387.92
1782111600000,180.18,181.03,179.1,179.86,186922.16
1782115200000,179.86,180.44,177.79,178.3,345060.02
1782118800000,178.31,178.97,177.17,177.65,125686.41
1782122400000,177.65,177.95,175.31,175.46,310559.03
1782126000000,175.46,176.86,174.27,176.49,428780.22
1782129600000,176.48,178.64,176.27,177.54,366578.07
1782133200000,177.54,177.69,169.87,172.42,1752330.76
1782136800000,172.42,172.46,165.33,167.99,1796189.93
1782140400000,167.99,169.59,166.82,166.94,1019892.9
1782144000000,166.94,167.18,165.25,165.9,536772.04
1782147600000,165.9,166.95,165.27,166.51,336243.14
1782151200000,166.52,166.76,161.55,161.66,708838.31
1782154800000,161.66,162.36,154.2,155.02,2393192.21
1782158400000,155.02,156.8,152.94,155.87,1102130.23
1782162000000,155.87,157.6,155.67,157.03,347942.9
1782165600000,157.04,157.98,154.46,156.13,359617.84
1782169200000,156.13,157.19,155.19,156.93,222056.29
1782172800000,156.93,157.33,150.0,154.03,956138.15
1782176400000,154.03,154.58,152.61,154.0,388264.0
1782180000000,153.99,154.52,153.29,153.56,255629.42
1782183600000,153.56,153.7,151.04,152.88,449933.44
1782187200000,152.89,153.74,152.42,153.07,298247.73
1782190800000,153.07,153.46,150.25,150.83,486264.34
1782194400000,150.84,151.55,146.87,148.63,1171796.69
1782198000000,148.64,151.86,148.59,150.0,500085.61
1782201600000,150.0,152.19,147.02,149.03,868998.91
1782205200000,149.02,150.99,148.44,150.01,505735.34
1782208800000,150.01,150.5,147.82,149.97,574222.73
1782212400000,149.98,158.9,149.93,155.2,1866579.44
1782216000000,155.2,156.91,150.73,151.11,1255955.28
1782219600000,151.12,156.59,147.25,155.88,3134612.0
1782223200000,155.88,159.4,154.11,158.47,2699023.13
1782226800000,158.47,161.48,156.83,161.26,1620185.24
1782230400000,161.26,165.44,161.0,163.33,1810834.01
1782234000000,163.34,164.74,160.55,161.3,811445.58
1782237600000,161.31,162.54,158.3,158.89,677257.82
1782241200000,158.9,160.27,156.27,156.33,722371.51
1782244800000,156.34,157.69,154.6,157.24,563142.31
1782248400000,157.25,158.67,156.81,157.66,116104.98
1782252000000,157.65,158.14,156.32,157.25,133558.19
1782255600000,157.26,157.42,154.72,157.04,190627.37
1782259200000,157.04,158.1,156.43,156.61,243949.1
1782262800000,156.62,156.8,155.34,155.96,233571.79
1782266400000,155.95,156.3,154.29,154.49,154339.57
1782270000000,154.48,155.34,153.37,155.2,135348.52
1782273600000,155.2,155.26,153.9,155.1,102629.02
1782277200000,155.11,156.67,155.09,156.08,220245.88
1782280800000,156.07,157.57,155.94,156.53,185616.71
1782284400000,156.53,157.35,156.06,156.85,139547.6
1782288000000,156.85,158.99,156.15,157.85,715223.28
1782291600000,157.86,157.98,156.7,157.15,190659.5
1782295200000,157.16,157.75,156.07,156.77,189909.72
1782298800000,156.77,157.49,154.93,155.33,472609.16
1782302400000,155.33,155.54,152.58,153.53,717266.24
1782306000000,153.54,156.19,150.79,154.18,1995317.61
1782309600000,154.17,159.06,153.48,157.31,1592928.12
1782313200000,157.31,159.91,156.96,158.78,1088148.61
1782316800000,158.77,159.2,155.42,156.15,904325.78
1782320400000,156.14,156.57,154.41,154.86,786814.54
1782324000000,154.88,158.23,154.78,155.81,582911.85
1782327600000,155.81,158.64,154.22,154.59,766563.1
1782331200000,154.6,155.66,153.02,154.14,604041.42
1782334800000,154.15,154.68,153.97,154.22,109586.38
1782338400000,154.22,154.4,153.25,153.46,98032.53
1782342000000,153.47,154.45,153.44,154.29,121276.57
1782345600000,154.29,155.64,153.4,153.84,215445.16
1782349200000,153.84,154.18,153.11,153.64,136911.55
1782352800000,153.65,154.12,153.25,154.1,89640.72
1782356400000,154.1,154.46,153.72,154.26,86121.38
1782360000000,154.25,155.29,154.06,154.88,121968.72
1782363600000,154.88,156.47,154.87,155.59,232877.0
1782367200000,155.58,156.52,155.39,155.75,171078.19
1782370800000,155.76,156.26,155.26,155.69,167518.31
1782374400000,155.68,157.03,155.39,156.34,336713.46
1782378000000,156.34,157.35,156.3,157.12,152248.84
1782381600000,157.12,163.95,157.09,160.63,909483.25
1782385200000,160.64,161.53,159.85,160.06,541835.88
1782388800000,160.06,160.3,157.42,157.83,504205.06
1782392400000,157.81,160.88,151.0,151.01,1677194.12
1782396000000,151.02,154.79,150.41,153.38,1405061.47
1782399600000,153.38,154.43,151.33,152.21,849219.74
1782403200000,152.21,152.62,150.45,151.77,559355.21
1782406800000,151.77,152.72,150.82,152.24,410115.26
1782410400000,152.24,153.67,152.05,153.51,342382.09
1782414000000,153.52,153.68,151.74,153.16,340409.31
1782417600000,153.16,153.63,152.08,152.54,160871.49
1782421200000,152.55,152.98,152.31,152.76,57902.55
1782424800000,152.76,153.05,152.31,152.65,104681.61
1782428400000,152.65,153.39,152.46,152.95,94586.24
1782432000000,152.96,153.16,151.77,151.92,127207.24
1782435600000,151.92,152.1,151.01,151.13,100927.58
1782439200000,151.14,151.17,148.17,148.55,299727.8
1782442800000,148.55,150.76,148.25,150.75,295417.21
1782446400000,150.75,151.91,150.5,150.8,186661.26
1782450000000,150.81,151.2,150.55,150.78,79852.97
1782453600000,150.77,151.26,149.75,150.84,186092.11
1782457200000,150.83,151.88,150.68,151.39,115161.81
1782460800000,151.39,151.76,150.23,150.75,256297.41
1782464400000,150.76,150.9,150.24,150.52,167740.65
1782468000000,150.52,150.66,149.74,150.25,120276.89
1782471600000,150.25,151.68,150.25,151.18,193574.68
1782475200000,151.18,152.62,149.92,149.98,305432.25
1782478800000,149.99,152.79,148.46,151.79,1035632.88
1782482400000,151.79,153.67,151.31,152.48,687727.09
1782486000000,152.48,156.92,152.28,156.27,925496.36
1782489600000,156.28,158.6,155.65,157.46,760960.97
1782493200000,157.45,158.0,154.86,155.48,781632.32
1782496800000,155.49,155.73,150.57,152.95,661588.08
1782500400000,152.94,155.77,151.5,152.64,799771.35
1782504000000,152.68,153.45,151.8,152.23,294801.92
1782507600000,152.22,152.75,152.11,152.32,71841.84
1782511200000,152.33,152.41,152.11,152.2,39912.16
1782514800000,152.2,153.42,152.18,152.81,78764.04
1782518400000,152.81,154.17,152.81,153.98,87358.42
1782522000000,153.99,154.12,153.42,153.54,60796.48
1782525600000,153.54,154.54,153.41,154.15,63247.34
1782529200000,154.15,154.32,153.91,154.07,40325.96
1782532800000,154.07,154.17,153.86,153.87,30767.86
1782536400000,153.88,154.05,153.81,153.96,21741.02
1782540000000,153.95,154.32,153.89,154.16,25785.24
1782543600000,154.15,154.24,153.65,154.01,38434.16
1782547200000,154.01,154.09,153.88,154.02,23207.19
1782550800000,154.02,154.1,153.75,153.91,29978.37
1782554400000,153.91,154.07,153.89,154.06,24684.36
1782558000000,154.06,154.19,153.84,154.03,24430.16
1782561600000,154.03,154.37,153.96,154.25,34585.81
1782565200000,154.26,154.99,154.25,154.84,41036.77
1782568800000,154.85,154.85,154.49,154.6,34533.92
1782572400000,154.6,154.86,154.55,154.74,36204.82
1782576000000,154.74,154.79,154.27,154.42,27334.49
1782579600000,154.41,154.45,153.35,153.62,77606.55
1782583200000,153.63,153.86,153.55,153.63,13193.03
1782586800000,153.63,153.65,152.56,152.6,39882.43
1782590400000,152.6,153.08,152.55,152.96,14789.02
1782594000000,152.96,153.33,152.73,153.19,24206.0
1782597600000,153.19,154.38,153.02,154.05,57325.51
1782601200000,154.05,154.23,153.6,153.73,20906.69
1782604800000,153.71,154.27,153.55,154.22,30890.07
1782608400000,154.22,154.32,154.02,154.15,18508.3
1782612000000,154.15,154.26,153.78,153.98,21842.4
1782615600000,153.98,154.23,153.94,154.09,18749.11
1782619200000,154.09,154.32,153.97,154.18,18450.31
1782622800000,154.18,154.33,153.88,154.07,24506.42
1782626400000,154.07,154.09,153.69,153.9,16725.06
1782630000000,153.88,154.16,153.84,154.15,24134.87
1782633600000,154.15,154.23,153.93,154.14,17946.03
1782637200000,154.15,154.35,154.08,154.2,15785.96
1782640800000,154.2,154.24,154.0,154.1,17486.9
1782644400000,154.1,154.31,154.02,154.28,16979.53
1782648000000,154.28,154.44,154.16,154.37,19097.69
1782651600000,154.37,154.49,154.08,154.43,25577.56
1782655200000,154.42,154.93,154.26,154.78,49925.45
1782658800000,154.78,154.94,154.46,154.6,23149.62
1782662400000,154.6,154.65,154.27,154.57,21707.78
1782666000000,154.56,154.65,154.2,154.61,17199.99
1782669600000,154.62,154.7,154.36,154.43,10057.58
1782673200000,154.44,155.41,154.33,155.34,30046.39
1782676800000,155.33,156.56,155.32,156.44,76004.96
1782680400000,156.43,158.0,155.79,156.84,111439.67
1782684000000,156.85,157.53,155.89,156.11,104824.03
1782687600000,156.11,157.65,156.0,156.56,87807.93
1782691200000,156.56,156.79,153.77,154.81,270385.22
1782694800000,154.81,155.33,154.21,154.81,83837.08
1782698400000,154.82,155.25,154.36,155.13,65560.63
1782702000000,155.14,156.09,155.12,155.73,74055.27
1782705600000,155.72,155.73,154.58,154.82,56356.89
1782709200000,154.83,155.75,154.46,155.7,72451.42
1782712800000,155.69,156.07,155.36,155.48,64317.61
1782716400000,155.47,155.96,155.28,155.62,61076.49
1782720000000,155.63,155.87,155.07,155.31,140079.85
1782723600000,155.32,155.8,155.2,155.66,158073.07
1782727200000,155.65,157.62,155.58,156.93,252908.66
1782730800000,156.93,157.51,156.24,157.18,232309.11
1782734400000,157.19,157.34,155.73,155.89,245375.14
1782738000000,155.89,160.0,155.02,155.43,1401219.93
1782741600000,155.44,155.96,152.01,155.48,1146634.83
1782745200000,155.47,157.3,154.94,156.86,516744.1
1782748800000,156.87,158.38,156.27,157.43,482296.37
1782752400000,157.43,160.59,157.19,160.09,570468.09
1782756000000,160.09,163.7,159.66,162.93,621090.94
1782759600000,162.94,166.25,162.28,164.34,1056419.15
1782763200000,164.34,165.37,162.77,163.96,348591.46
1782766800000,163.95,164.79,163.67,163.72,93279.48
1782770400000,163.73,163.99,163.14,163.42,111174.8
1782774000000,163.43,164.15,163.3,163.33,85679.13
1782777600000,163.33,164.33,161.77,162.17,170711.08
1782781200000,162.18,163.03,161.86,162.98,70998.3
1782784800000,162.98,162.98,162.24,162.41,52193.1
1782788400000,162.41,163.62,162.32,163.62,54085.96
1782792000000,163.61,164.72,163.29,163.7,160641.86
1782795600000,163.7,163.97,162.8,163.14,110395.21
1782799200000,163.14,163.7,162.99,163.33,73534.44
1782802800000,163.33,163.45,162.89,163.09,48735.41
1782806400000,163.08,163.59,162.45,162.63,110671.25
1782810000000,162.65,162.81,162.2,162.49,58996.43
1782813600000,162.49,163.46,162.18,163.19,85119.33
1782817200000,163.18,164.8,163.03,164.21,193716.5
1782820800000,164.21,164.46,161.53,161.87,255154.56
1782824400000,161.87,165.82,160.42,165.29,1753426.02
1782828000000,165.28,168.95,162.45,168.62,1413522.64
1782831600000,168.62,172.42,168.38,169.43,1240871.56
1782835200000,169.44,171.68,169.37,170.1,456061.0
1782838800000,170.12,170.82,168.22,170.67,391788.45
1782842400000,170.68,171.19,168.93,170.11,215673.83
1782846000000,170.1,171.65,169.49,170.72,309556.16
1782849600000,170.71,170.75,169.02,170.35,134135.19
1782853200000,170.35,170.85,170.29,170.75,63723.05
1782856800000,170.76,172.15,170.42,172.12,84103.0
1782860400000,172.1,173.16,171.75,172.14,148039.18
1782864000000,172.14,172.26,170.55,171.06,125625.36
1782867600000,171.06,171.26,169.21,169.78,197979.15
1782871200000,169.77,170.55,169.58,170.05,92367.51
1782874800000,170.05,170.94,169.95,170.58,64982.38
1782878400000,170.58,170.85,170.12,170.53,56678.74
1782882000000,170.53,171.68,170.4,171.38,75117.04
1782885600000,171.39,172.16,171.1,171.15,116699.33
1782889200000,171.15,171.5,170.2,171.45,109701.62
1782892800000,171.45,174.66,170.91,174.29,393692.32
1782896400000,174.3,176.95,173.91,175.6,362040.05
1782900000000,175.6,176.22,174.85,174.96,291986.5
1782903600000,174.97,175.04,171.8,172.23,324945.42
1782907200000,172.22,174.57,170.9,171.16,622005.75
1782910800000,171.17,172.1,162.7,163.03,1721664.91
1782914400000,163.04,163.81,154.84,159.95,1706399.22
1782918000000,159.96,162.1,157.89,158.95,729541.24
1782921600000,158.93,160.97,158.37,160.17,378723.93
1782925200000,160.17,163.27,159.55,162.45,451267.83
1782928800000,162.46,163.62,156.53,157.91,751689.72
1782932400000,157.91,159.04,156.14,157.69,519831.31
1782936000000,157.69,158.31,157.06,158.28,111662.36
1782939600000,158.28,158.94,158.11,158.74,46451.33
1782943200000,158.75,158.84,157.9,158.47,64525.4
1782946800000,158.47,158.48,157.57,157.97,53082.84
1782950400000,157.97,158.4,156.73,157.57,150946.97
1782954000000,157.57,158.68,157.47,158.45,62915.71
1782957600000,158.43,159.34,158.39,158.79,102617.39
1782961200000,158.8,159.05,158.18,159.03,77211.99
1782964800000,159.03,159.31,158.66,158.9,57678.85
1782968400000,158.9,159.1,157.86,157.86,65264.0
1782972000000,157.86,157.93,155.8,156.36,175341.81
1782975600000,156.36,156.9,155.43,156.52,145329.67
1782979200000,156.51,157.36,155.81,157.25,182968.35
1782982800000,157.26,157.29,155.7,156.64,234002.77
1782986400000,156.65,157.35,156.16,157.05,124678.84
1782990000000,157.06,159.35,157.06,158.64,221333.78
1782993600000,158.63,160.65,158.38,159.96,270394.76
1782997200000,159.97,161.26,156.96,160.7,927064.73
1783000800000,160.71,161.09,157.33,159.88,911028.65
1783004400000,159.88,159.97,157.75,159.2,444401.9
1783008000000,159.2,159.27,155.96,157.83,471372.54
1783011600000,157.81,158.17,156.02,157.48,326114.28
1783015200000,157.48,159.67,157.28,159.06,306315.53
1783018800000,159.05,162.18,158.31,161.88,418138.44
1783022400000,161.89,161.95,160.15,160.33,187826.58
1783026000000,160.32,160.71,160.13,160.56,37674.04
1783029600000,160.55,160.84,160.32,160.62,28675.93
1783033200000,160.62,161.06,160.32,160.99,43984.9
1783036800000,160.99,161.0,160.23,160.5,42605.01
1783040400000,160.51,161.15,160.44,160.86,38896.44
1783044000000,160.86,160.89,160.27,160.81,34854.19
1783047600000,160.8,161.07,160.57,160.84,34809.33
1783051200000,160.85,160.99,160.79,160.92,20583.28
1783054800000,160.91,160.99,160.62,160.78,21991.68
1783058400000,160.78,160.93,160.68,160.74,17147.13
1783062000000,160.74,160.87,160.6,160.6,26245.98
1783065600000,160.6,160.86,160.29,160.31,35565.4
1783069200000,160.32,160.55,160.25,160.54,30764.17
1783072800000,160.53,160.87,160.44,160.86,23448.56
1783076400000,160.86,160.88,160.63,160.71,25653.69
1783080000000,160.72,160.77,160.3,160.44,29657.15
1783083600000,160.44,160.68,160.34,160.4,31514.47
1783087200000,160.4,160.41,159.42,159.76,46461.41
1783090800000,159.75,160.07,159.11,159.31,34656.06
1783094400000,159.31,159.55,159.18,159.43,19889.29
1783098000000,159.44,159.89,159.4,159.69,21456.35
1783101600000,159.69,159.74,159.5,159.52,8926.48
1783105200000,159.52,159.62,159.2,159.22,13056.03
1783108800000,159.23,159.63,159.19,159.5,13403.95
1783112400000,159.5,159.67,159.42,159.53,11184.43
1783116000000,159.52,159.58,159.15,159.18,13452.66
1783119600000,159.19,159.32,158.8,158.88,32511.21
1783123200000,158.88,159.47,158.87,159.31,19269.41
1783126800000,159.3,159.32,159.02,159.14,12469.49
1783130400000,159.14,159.33,158.96,159.3,11875.01
1783134000000,159.3,159.4,159.16,159.39,8917.85
1783137600000,159.4,159.86,159.36,159.64,26432.74
1783141200000,159.64,159.86,159.57,159.71,9880.73
1783144800000,159.71,160.18,159.67,160.03,17456.9
1783148400000,160.02,160.21,159.95,160.02,10653.85
1783152000000,160.03,160.1,159.74,159.85,14775.78
1783155600000,159.84,159.97,159.77,159.82,7815.11
1783159200000,159.83,159.84,159.68,159.73,8068.38
1783162800000,159.72,159.9,159.46,159.85,15782.94
1783166400000,159.85,160.13,159.78,159.9,16653.16
1783170000000,159.91,160.02,159.71,159.87,20903.83
1783173600000,159.87,160.16,159.82,160.08,26471.4
1783177200000,160.07,160.3,160.01,160.1,28740.54
1783180800000,160.11,160.17,159.96,159.98,16768.81
1783184400000,159.98,160.16,159.76,160.09,20038.93
1783188000000,160.08,160.16,159.91,159.95,11325.29
1783191600000,159.95,160.12,159.94,160.04,5898.93
1783195200000,160.04,160.13,159.9,159.9,8860.15
1783198800000,159.9,160.07,159.89,159.97,5785.59
1783202400000,159.97,160.07,159.86,160.06,8682.65
1783206000000,160.05,160.11,159.85,160.05,9335.87
1783209600000,160.06,160.31,160.03,160.29,10376.77
1783213200000,160.29,160.37,160.13,160.22,12136.69
1783216800000,160.21,160.22,160.0,160.18,9433.0
1783220400000,160.17,160.35,160.07,160.26,11301.67
1783224000000,160.27,160.61,160.24,160.59,17241.02
1783227600000,160.58,161.2,160.48,160.66,55295.53
1783231200000,160.67,160.85,160.53,160.56,19717.29
1783234800000,160.57,160.85,160.54,160.81,17663.36
1783238400000,160.8,161.39,160.72,161.17,34658.2
1783242000000,161.17,161.21,160.51,160.74,32884.53
1783245600000,160.74,160.84,160.5,160.61,10062.95
1783249200000,160.6,160.65,160.19,160.53,14464.0
1783252800000,160.52,161.05,160.47,161.04,17489.58
1783256400000,161.04,161.38,160.95,161.24,29851.23
1783260000000,161.23,161.5,161.22,161.41,24515.24
1783263600000,161.41,161.52,161.09,161.32,35076.69
1783267200000,161.32,161.65,161.32,161.57,33314.49
1783270800000,161.57,161.6,161.23,161.34,15251.94
1783274400000,161.33,161.42,161.15,161.41,15662.96
1783278000000,161.4,161.47,161.2,161.46,5154.77
1783281600000,161.47,161.5,161.22,161.25,4769.49
1783285200000,161.25,161.59,161.12,161.52,12856.37
1783288800000,161.53,161.67,161.35,161.52,31325.57
1783292400000,161.51,161.63,161.3,161.46,19038.74
1783296000000,161.46,163.49,161.41,162.69,197205.68
1783299600000,162.68,163.09,161.56,161.97,102304.76
1783303200000,161.97,162.21,160.72,161.52,83022.7
1783306800000,161.52,162.3,161.27,162.3,48903.98
1783310400000,162.29,162.96,162.17,162.86,57786.52
1783314000000,162.86,163.02,162.55,162.74,69643.13
1783317600000,162.75,163.14,162.62,162.79,56063.64
1783321200000,162.8,163.57,162.69,163.41,57467.54
1783324800000,163.42,163.67,162.99,163.4,102105.46
1783328400000,163.4,164.33,163.31,164.29,114254.25
1783332000000,164.29,165.16,163.89,165.13,126453.98
1783335600000,165.13,165.18,163.73,163.75,199000.91
1783339200000,163.73,164.17,162.81,164.17,337782.14
1783342800000,164.16,167.74,163.69,164.83,1253354.93
1783346400000,164.84,165.85,159.7,161.92,1023452.01
1783350000000,161.93,162.45,159.36,160.91,457460.3
1783353600000,160.91,162.64,160.66,161.91,303132.69
1783357200000,161.9,162.24,155.41,155.89,657154.82
1783360800000,155.9,157.83,155.38,156.08,411655.33
1783364400000,156.08,160.72,155.15,160.29,898572.52
1783368000000,160.29,160.49,157.58,158.12,404182.32
1783371600000,158.12,158.85,158.09,158.55,62693.24
1783375200000,158.56,158.78,158.04,158.12,33722.61
1783378800000,158.12,158.46,157.65,157.71,44698.77
1783382400000,157.71,158.01,156.55,157.4,145064.73
1783386000000,157.4,157.67,155.94,156.93,166623.27
1783389600000,156.94,157.53,156.72,156.79,52351.06
1783393200000,156.79,157.04,155.87,156.26,72771.11
1783396800000,156.25,156.45,155.92,155.98,67394.88
1783400400000,155.99,157.31,155.7,157.21,92608.99
1783404000000,157.2,158.32,157.18,158.31,84986.02
1783407600000,158.31,158.9,157.82,158.28,90381.45
1783411200000,158.29,158.87,156.27,157.6,217887.98
1783414800000,157.6,158.25,157.19,157.45,115057.71
1783418400000,157.44,159.86,157.29,158.88,203791.52
1783422000000,158.89,160.24,158.26,159.67,205010.38
1783425600000,159.66,161.27,159.43,159.86,318059.29
1783429200000,159.86,159.94,152.16,153.23,1281696.24
1783432800000,153.24,154.02,150.27,151.74,1292394.16
1783436400000,151.74,152.33,150.73,151.04,468821.14
1783440000000,151.04,153.22,150.57,152.13,409061.19
1783443600000,152.13,152.63,151.59,152.28,151358.74
1783447200000,152.29,152.63,150.88,151.04,152446.31
1783450800000,151.02,151.07,148.75,149.61,382435.88
1783454400000,149.61,151.59,148.9,151.18,240017.13
1783458000000,151.19,151.5,150.25,150.46,44450.85
1783461600000,150.46,151.36,150.36,151.24,32545.96
1783465200000,151.23,151.37,150.78,151.14,38714.84
1783468800000,151.14,151.89,150.89,151.77,71256.21
1783472400000,151.78,151.88,149.82,150.39,133364.72
1783476000000,150.38,150.94,150.02,150.8,66500.84
1783479600000,150.8,151.23,150.61,150.85,51156.03
1783483200000,150.84,150.87,150.03,150.25,63380.38
1783486800000,150.24,150.68,149.64,149.8,74088.71
1783490400000,149.8,152.45,149.42,151.62,212095.1
1783494000000,151.63,151.7,150.78,151.25,85881.18
1783497600000,151.26,152.69,149.36,149.9,359005.26
1783501200000,149.92,150.15,148.39,149.74,275155.6
1783504800000,149.75,150.48,149.05,150.11,125742.35
1783508400000,150.1,151.1,149.52,150.79,159279.71
1783512000000,150.79,152.0,150.53,150.88,150568.72
1783515600000,150.88,152.96,148.5,151.39,1302367.24
1783519200000,151.38,151.96,149.46,149.79,824685.68
1783522800000,149.8,150.64,147.2,147.62,687092.16
1783526400000,147.62,150.27,147.52,149.51,469321.77
1783530000000,149.51,149.52,145.56,146.3,453913.38
1783533600000,146.29,147.03,145.32,145.74,423686.98
1783537200000,145.75,148.47,145.43,148.36,446010.28
1783540800000,148.37,149.47,147.88,149.34,269841.12
1783544400000,149.34,149.79,149.13,149.17,60545.6
1783548000000,149.16,149.39,149.08,149.11,26393.32
1783551600000,149.11,149.24,148.87,148.99,36128.24
1783555200000,148.98,149.98,148.9,149.98,94055.37
1783558800000,149.98,150.14,148.79,148.9,96392.16
1783562400000,148.9,149.31,148.69,148.76,48066.99
1783566000000,148.76,149.28,148.49,149.1,57358.12
1783569600000,149.1,149.63,148.88,149.52,39886.01
1783573200000,149.52,149.88,148.99,149.8,54021.91
1783576800000,149.79,150.33,149.59,150.31,51459.97
1783580400000,150.31,150.81,150.24,150.35,80448.71
1783584000000,150.35,150.85,150.04,150.68,113981.5
1783587600000,150.68,150.86,150.23,150.46,81095.59
1783591200000,150.46,150.76,149.55,149.72,71734.03
1783594800000,149.73,150.73,149.41,150.28,156023.34
1783598400000,150.28,152.09,150.23,151.29,236820.13
1783602000000,151.28,152.16,148.48,150.49,1161200.54
1783605600000,150.5,151.64,147.8,149.69,1075588.5
1783609200000,149.69,151.18,149.44,150.91,444740.06
1783612800000,150.92,151.54,149.34,150.66,405359.37
1783616400000,150.66,152.81,150.65,152.36,375857.07
1783620000000,152.35,153.42,152.24,153.05,305714.08
1783623600000,153.05,153.44,150.03,151.99,534265.74
1783627200000,151.99,153.16,151.55,152.69,176483.58
1783630800000,152.68,152.85,152.29,152.34,37683.66
1783634400000,152.34,152.42,152.13,152.13,33708.85
1783638000000,152.13,152.24,152.09,152.19,23378.57
1783641600000,152.19,152.27,150.5,151.19,142322.87
1783645200000,151.18,152.12,150.96,151.72,102774.35
1783648800000,151.73,151.9,151.39,151.77,54001.87
1783652400000,151.76,151.96,151.63,151.78,34414.36
1783656000000,151.78,151.87,151.39,151.39,51721.57
1783659600000,151.39,151.4,150.68,150.74,129275.32
1783663200000,150.73,150.8,149.56,150.32,187999.43
1783666800000,150.31,150.38,149.77,149.99,112586.49
1783670400000,149.99,150.25,149.14,149.63,189258.54
1783674000000,149.62,150.37,149.37,150.24,97918.66
1783677600000,150.24,150.49,149.95,150.03,105512.72
1783681200000,150.02,150.86,150.02,150.73,177534.87
1783684800000,150.73,151.33,150.45,150.85,187463.85
1783688400000,150.85,152.41,148.2,148.35,1098421.84
1783692000000,148.34,148.88,147.1,148.08,713258.93
1783695600000,148.08,149.67,147.74,148.89,428761.4
1783699200000,148.89,149.19,147.66,148.88,310966.94
1783702800000,148.87,149.04,148.43,148.97,83388.5
1783706400000,148.98,149.27,148.59,148.65,78399.99
1783710000000,148.66,148.66,145.4,145.64,408328.96
1783713600000,145.64,146.23,145.23,145.98,238775.66
1783717200000,145.98,146.41,145.97,146.38,74248.95
1783720800000,146.37,146.4,145.9,146.05,52734.14
1783724400000,146.05,146.18,145.94,146.1,52073.59
1783728000000,146.1,146.47,146.0,146.11,47046.05
1783731600000,146.1,146.36,146.07,146.28,20404.05
1783735200000,146.27,146.41,146.15,146.39,24299.25
1783738800000,146.39,146.58,146.34,146.57,29950.05
1783742400000,146.57,146.62,146.37,146.38,21644.23
1783746000000,146.38,146.55,146.0,146.2,43346.94
1783749600000,146.2,146.21,145.81,146.06,45865.82
1783753200000,146.07,146.15,146.0,146.11,16739.58
1783756800000,146.12,146.23,146.04,146.14,21582.62
1783760400000,146.14,146.22,146.08,146.14,12765.38
1783764000000,146.13,146.24,146.04,146.21,21923.58
1783767600000,146.21,146.36,146.12,146.25,25638.65
1783771200000,146.26,146.32,146.07,146.13,17181.39
1783774800000,146.12,146.25,146.05,146.12,15934.66
1783778400000,146.12,146.15,146.0,146.05,20923.14
1783782000000,146.06,146.15,145.72,145.78,43792.64
1783785600000,145.78,146.02,145.75,145.96,26908.67
1783789200000,145.95,146.24,145.94,146.21,22202.75
1783792800000,146.22,146.26,146.09,146.19,11135.67
1783796400000,146.18,146.21,146.12,146.17,7280.08
1783800000000,146.16,146.24,146.15,146.2,5481.22
1783803600000,146.21,146.25,146.02,146.08,8245.77
1783807200000,146.09,146.1,145.99,146.0,9088.55
1783810800000,145.99,146.04,145.62,145.74,40342.33
1783814400000,145.73,145.8,145.27,145.36,57057.96
1783818000000,145.37,145.83,145.28,145.82,30758.03
1783821600000,145.82,146.04,145.82,146.03,20087.61
1783825200000,146.04,146.14,145.96,146.12,16244.44
1783828800000,146.12,146.17,146.02,146.04,16253.57
1783832400000,146.04,146.04,145.89,145.95,15009.05
1783836000000,145.95,145.95,145.71,145.85,21995.58
1783839600000,145.84,145.85,145.75,145.82,7423.15
1783843200000,145.83,146.11,145.82,146.04,18515.36
1783846800000,146.04,146.1,145.89,145.97,11250.04
1783850400000,145.97,146.01,145.85,145.93,9562.3
1783854000000,145.94,146.04,145.92,145.95,19804.16
1783857600000,145.96,146.02,145.87,145.88,13961.32
1783861200000,145.88,145.96,145.83,145.87,12982.84
1783864800000,145.88,145.93,145.76,145.91,17140.48
1783868400000,145.91,145.94,145.82,145.87,15266.23
1783872000000,145.88,145.97,145.88,145.95,14940.24
1783875600000,145.96,145.99,145.81,145.82,12393.82
1783879200000,145.83,146.02,145.82,145.95,11459.78
1783882800000,145.96,146.0,145.86,145.96,5899.82
1783886400000,145.95,146.01,145.92,145.93,4979.35
1783890000000,145.92,145.94,145.82,145.82,7414.99
1783893600000,145.81,145.88,145.45,145.6,38499.76
1783897200000,145.59,145.72,145.5,145.7,18904.77
1783900800000,145.71,146.03,145.4,145.43,111458.39
1783904400000,145.44,145.47,142.34,142.86,647378.47
1783908000000,142.87,143.93,142.69,143.41,174441.65
1783911600000,143.41,143.43,142.7,143.0,106426.1
1783915200000,142.99,143.17,142.81,143.13,64357.2
1783918800000,143.13,143.48,142.85,143.31,87066.39
1783922400000,143.31,143.48,142.8,143.07,85996.81
1783926000000,143.07,143.54,143.0,143.16,60416.54
1783929600000,143.17,144.02,143.15,143.81,156039.4
1783933200000,143.81,144.05,143.28,143.48,78199.38
1783936800000,143.47,144.3,143.47,144.2,139732.18
1783940400000,144.2,144.76,144.08,144.38,160327.38
1783944000000,144.38,144.43,143.19,143.38,219200.63
1783947600000,143.38,144.93,140.29,140.65,1552130.97
1783951200000,140.66,140.82,137.8,139.59,1436261.85
1783954800000,139.59,140.07,138.44,139.8,409147.64
1783958400000,139.8,140.31,138.26,139.0,402657.31
1783962000000,139.01,139.69,137.33,137.68,367474.47
1783965600000,137.68,138.1,136.83,137.98,313227.82
1783969200000,137.98,139.65,137.45,139.29,596003.73
1783972800000,139.29,139.32,137.76,138.75,222333.6
1783976400000,138.74,139.07,138.71,138.89,34302.08
1783980000000,138.88,138.97,138.52,138.52,22289.72
1783983600000,138.53,138.53,137.55,137.99,75020.52
1783987200000,137.99,138.71,137.86,138.68,126157.08
1783990800000,138.68,138.81,138.1,138.15,59196.0
1783994400000,138.16,138.2,137.54,137.82,75544.61
1783998000000,137.82,137.85,136.88,137.45,140156.25
1784001600000,137.46,138.33,137.44,138.27,70239.33
1784005200000,138.27,138.81,138.09,138.34,109068.05
1784008800000,138.33,138.72,138.27,138.34,66194.57
1784012400000,138.33,138.52,138.05,138.46,95232.64
1784016000000,138.47,139.44,138.28,138.85,223129.97
1784019600000,138.84,139.15,138.42,138.68,105827.79
1784023200000,138.68,139.04,138.64,138.82,70827.78
1784026800000,138.82,139.67,138.76,139.61,160785.12
1784030400000,139.62,140.98,139.08,140.16,587904.31
1784034000000,140.17,143.13,139.84,142.5,1993747.15
1784037600000,142.5,142.88,140.45,141.39,1192328.73
1784041200000,141.39,143.3,141.34,142.49,593308.79
1784044800000,142.49,142.51,138.69,138.8,534743.75
1784048400000,138.8,139.31,138.37,138.75,312919.49
1784052000000,138.75,139.1,138.08,138.81,199378.81
1784055600000,138.81,139.06,136.1,136.27,324575.2
1784059200000,136.26,136.99,136.24,136.93,143162.07
1784062800000,136.93,137.09,136.77,137.04,35275.64
1784066400000,137.03,137.26,136.71,137.15,47210.45
1784070000000,137.15,137.29,136.94,137.2,43750.01
1784073600000,137.21,137.42,137.01,137.2,104954.43
1784077200000,137.19,137.38,137.03,137.35,59369.56
1784080800000,137.35,137.62,137.27,137.53,60911.81
1784084400000,137.53,138.12,137.44,138.06,75369.14
1784088000000,138.05,138.11,137.64,138.1,53221.29
1784091600000,138.1,138.15,137.61,138.03,67588.3
1784095200000,138.04,138.12,137.87,137.95,35663.4
1784098800000,137.95,138.07,137.45,137.85,55258.45
1784102400000,137.85,138.02,137.66,137.89,85869.99
1784106000000,137.89,138.03,137.69,137.74,50501.23
1784109600000,137.75,137.88,137.53,137.56,43301.0
1784113200000,137.55,137.69,136.81,137.12,155432.21
1784116800000,137.13,137.9,137.05,137.82,141035.79
1784120400000,137.83,139.44,137.22,138.2,1044039.83
1784124000000,138.2,138.33,136.16,136.96,715738.98
1784127600000,136.96,137.33,135.41,135.85,472980.9
1784131200000,135.85,135.96,132.29,134.18,1439506.02
1784134800000,134.19,135.88,134.15,135.58,621082.28
1784138400000,135.57,136.46,134.54,134.72,409430.05
1784142000000,134.71,136.21,134.25,135.41,417384.15
1784145600000,135.4,135.95,135.36,135.9,88704.29
1784149200000,135.89,136.2,135.56,136.17,45295.23
1784152800000,136.17,136.34,135.87,136.03,40527.39
1784156400000,136.02,136.16,135.86,135.9,31096.46
1784160000000,135.9,136.13,135.62,135.64,64800.31
1784163600000,135.65,135.84,135.36,135.71,54623.45
1784167200000,135.7,135.79,135.43,135.74,29051.82
1784170800000,135.74,135.99,135.7,135.98,32844.76
1784174400000,135.98,136.24,135.97,136.19,38222.0
1784178000000,136.18,136.7,136.16,136.38,89787.94
1784181600000,136.38,136.55,136.12,136.4,51956.67
1784185200000,136.4,136.4,135.69,135.8,44824.22
1784188800000,135.8,135.93,134.93,135.68,251861.29
1784192400000,135.68,136.16,135.67,135.7,114308.06
1784196000000,135.7,136.14,135.66,135.91,117116.83
1784199600000,135.92,135.96,134.79,135.13,215705.74
1784203200000,135.14,135.2,133.69,133.94,270689.1
1784206800000,133.94,137.78,133.88,136.21,2225506.09
1784210400000,136.2,137.11,134.15,134.97,941616.19
1784214000000,134.97,135.88,133.91,134.48,581107.11
1784217600000,134.49,134.51,132.52,133.38,464512.21
1784221200000,133.37,133.38,130.69,131.49,581005.92
1784224800000,131.49,132.09,131.24,131.28,348637.37
1784228400000,131.28,132.98,131.17,131.22,462443.95
1784232000000,131.23,131.76,130.81,131.7,189800.81
1784235600000,131.7,132.58,131.65,132.47,65546.41
1784239200000,132.46,132.62,116.05,126.86,1710637.35
1784242800000,126.87,127.2,125.16,126.87,601596.74
1784246400000,126.87,127.11,126.27,126.98,219999.66
1784250000000,126.98,127.11,125.97,126.44,189514.27
1784253600000,126.44,126.53,124.34,125.0,344515.45
1784257200000,125.01,126.74,125.01,126.28,222786.53
1784260800000,126.28,126.67,125.69,125.69,109206.77
1784264400000,125.69,125.88,124.76,124.99,220915.94
1784268000000,125.0,125.69,124.34,125.17,220128.27
1784271600000,125.17,125.73,124.97,125.06,96555.56
1784275200000,125.07,125.88,124.36,125.07,455678.16
1784278800000,125.08,126.96,124.99,126.58,229989.95
1784282400000,126.59,128.0,126.19,126.94,429229.11
1784286000000,126.94,127.36,125.26,125.68,308396.89
1784289600000,125.67,125.94,125.01,125.78,295347.06
1784293200000,125.78,128.21,122.07,125.51,1413014.49
1784296800000,125.5,127.2,124.17,124.39,713026.41
1784300400000,124.39,124.76,122.68,124.6,494232.77
1784304000000,124.59,126.37,124.0,125.85,404925.31
1784307600000,125.86,126.5,125.34,125.94,233993.31
1784311200000,125.95,126.18,125.01,125.94,139756.2
1784314800000,125.93,130.38,123.18,123.92,1006965.69
1784318400000,123.91,124.19,123.03,123.95,86466.73
1784322000000,123.94,124.32,123.91,123.95,34619.57
1784325600000,123.95,124.34,123.85,124.27,18843.62
1784329200000,124.28,124.33,124.17,124.23,15225.35
1784332800000,124.22,125.24,124.22,124.9,71757.91
1784336400000,124.91,125.14,124.63,125.06,25742.98
1784340000000,125.07,125.14,124.83,124.9,17309.52
1784343600000,124.91,125.24,124.87,125.07,19010.39
1784347200000,125.07,125.29,124.92,125.03,19834.04
1784350800000,125.03,125.29,125.0,125.16,15016.89
1784354400000,125.16,125.48,125.05,125.39,17362.14
1784358000000,125.4,125.51,125.21,125.31,16931.23
1784361600000,125.3,125.45,125.11,125.44,15088.8
1784365200000,125.43,125.47,125.15,125.39,22999.16
1784368800000,125.39,125.57,125.27,125.44,20778.46
1784372400000,125.44,126.4,125.41,126.31,68507.72
1784376000000,126.31,126.36,125.68,125.87,38337.84
1784379600000,125.88,126.25,125.44,126.1,60056.18
1784383200000,126.11,126.33,126.01,126.15,25501.41
1784386800000,126.15,126.26,126.08,126.2,19682.97
1784390400000,126.2,127.47,126.12,127.03,70972.97
1784394000000,127.03,127.37,126.83,126.89,48352.5
1784397600000,126.9,128.33,126.84,128.14,69563.01
1784401200000,128.14,128.37,127.64,127.91,59050.99
1784404800000,127.91,128.72,127.77,128.19,55045.89
1784408400000,128.19,128.48,128.16,128.21,15289.93
1784412000000,128.21,128.22,127.56,127.93,38059.64
1784415600000,127.94,128.3,127.89,127.98,12315.43
1784419200000,127.99,128.07,127.84,128.06,16471.58
1784422800000,128.06,128.28,127.89,128.26,12693.67
1784426400000,128.25,128.34,128.0,128.11,17728.42
1784430000000,128.11,128.44,128.07,128.42,18937.72
1784433600000,128.43,128.84,128.36,128.81,36974.95
1784437200000,128.81,129.52,128.71,129.16,60118.4
1784440800000,129.17,129.38,128.62,128.91,46851.03
1784444400000,128.9,129.16,128.74,129.12,30918.94
1784448000000,129.11,129.18,128.07,128.81,53129.45
1784451600000,128.81,128.82,125.61,127.85,149693.47
1784455200000,127.86,128.15,127.49,127.88,37013.18
1784458800000,127.86,127.99,127.31,127.46,36154.7
1784462400000,127.46,127.6,127.07,127.36,36402.59
1784466000000,127.36,128.02,127.22,127.73,35903.61
1784469600000,127.74,127.95,127.55,127.65,24611.92
1784473200000,127.65,127.69,127.43,127.55,16545.09
1784476800000,127.55,127.69,127.04,127.53,24853.08
1784480400000,127.53,127.85,127.29,127.53,26220.05
1784484000000,127.52,127.61,127.21,127.53,8827.33
